address,name,privilege_from_address,feature_group,read_write_behaviour,source
0x001,fflags,User,FD,Not directly derivable from Sail,extensions/FD/fdext_control.sail:23
0x002,frm,User,FD,Not directly derivable from Sail,extensions/FD/fdext_control.sail:24
0x003,fcsr,User,FD,Not directly derivable from Sail,extensions/FD/fdext_control.sail:25
0x008,vstart,User,V,Not directly derivable from Sail,extensions/V/vext_regs.sail:302
0x009,vxsat,User,V,Not directly derivable from Sail,extensions/V/vext_regs.sail:303
0x00A,vxrm,User,V,Not directly derivable from Sail,extensions/V/vext_regs.sail:304
0x00F,vcsr,User,V,Not directly derivable from Sail,extensions/V/vext_regs.sail:305
0x011,ssp,User,cfi,Not directly derivable from Sail,extensions/cfi/zicfiss_regs.sail:47
0x015,seed,User,K,Not directly derivable from Sail,extensions/K/zkr_control.sail:43
0x100,sstatus,Supervisor,core,Not directly derivable from Sail,core/sys_regs.sail:757
0x104,sie,Supervisor,core,Not directly derivable from Sail,core/interrupt_regs.sail:230
0x105,stvec,Supervisor,exceptions,Not directly derivable from Sail,exceptions/sys_exceptions.sail:108
0x106,scounteren,Supervisor,core,Not directly derivable from Sail,core/sys_regs.sail:611
0x10A,senvcfg,Supervisor,core,Not directly derivable from Sail,core/sys_regs.sail:459
0x10C,sstateen0,Supervisor,Stateen,Not directly derivable from Sail,extensions/Stateen/stateen_csrs.sail:89
0x10D,sstateen1,Supervisor,Stateen,Not directly derivable from Sail,extensions/Stateen/stateen_csrs.sail:90
0x10E,sstateen2,Supervisor,Stateen,Not directly derivable from Sail,extensions/Stateen/stateen_csrs.sail:91
0x10F,sstateen3,Supervisor,Stateen,Not directly derivable from Sail,extensions/Stateen/stateen_csrs.sail:92
0x140,sscratch,Supervisor,core,Not directly derivable from Sail,core/sys_regs.sail:769
0x141,sepc,Supervisor,exceptions,Not directly derivable from Sail,exceptions/sys_exceptions.sail:109
0x142,scause,Supervisor,core,Not directly derivable from Sail,core/sys_regs.sail:770
0x143,stval,Supervisor,core,Not directly derivable from Sail,core/sys_regs.sail:771
0x144,sip,Supervisor,core,Not directly derivable from Sail,core/interrupt_regs.sail:210
0x14D,stimecmp,Supervisor,Sstc,Not directly derivable from Sail,extensions/Sstc/sstc.sail:9
0x15D,stimecmph,Supervisor,Sstc,Not directly derivable from Sail,extensions/Sstc/sstc.sail:10
0x180,satp,Supervisor,sys,Not directly derivable from Sail,sys/vmem.sail:228
0x181,srmcfg,Supervisor,Ssqosid,Not directly derivable from Sail,extensions/Ssqosid/ssqosid.sail:32
0x300,mstatus,Machine,core,Not directly derivable from Sail,core/sys_regs.sail:270
0x301,misa,Machine,core,Not directly derivable from Sail,core/sys_regs.sail:126
0x302,medeleg,Machine,core,Not directly derivable from Sail,core/interrupt_regs.sail:119
0x303,mideleg,Machine,core,Not directly derivable from Sail,core/interrupt_regs.sail:121
0x304,mie,Machine,core,Not directly derivable from Sail,core/interrupt_regs.sail:117
0x305,mtvec,Machine,exceptions,Not directly derivable from Sail,exceptions/sys_exceptions.sail:110
0x306,mcounteren,Machine,core,Not directly derivable from Sail,core/sys_regs.sail:625
0x30A,menvcfg,Machine,core,Not directly derivable from Sail,core/sys_regs.sail:457
0x30C,mstateen0,Machine,Stateen,Not directly derivable from Sail,extensions/Stateen/stateen_csrs.sail:9
0x30D,mstateen1,Machine,Stateen,Not directly derivable from Sail,extensions/Stateen/stateen_csrs.sail:10
0x30E,mstateen2,Machine,Stateen,Not directly derivable from Sail,extensions/Stateen/stateen_csrs.sail:11
0x30F,mstateen3,Machine,Stateen,Not directly derivable from Sail,extensions/Stateen/stateen_csrs.sail:12
0x310,mstatush,Machine,core,Not directly derivable from Sail,core/sys_regs.sail:271
0x312,medelegh,Machine,core,Not directly derivable from Sail,core/interrupt_regs.sail:120
0x31A,menvcfgh,Machine,core,Not directly derivable from Sail,core/sys_regs.sail:458
0x31C,mstateen0h,Machine,Stateen,Not directly derivable from Sail,extensions/Stateen/stateen_csrs.sail:13
0x31D,mstateen1h,Machine,Stateen,Not directly derivable from Sail,extensions/Stateen/stateen_csrs.sail:14
0x31E,mstateen2h,Machine,Stateen,Not directly derivable from Sail,extensions/Stateen/stateen_csrs.sail:15
0x31F,mstateen3h,Machine,Stateen,Not directly derivable from Sail,extensions/Stateen/stateen_csrs.sail:16
0x320,mcountinhibit,Machine,core,Not directly derivable from Sail,core/sys_regs.sail:645
0x321,mcyclecfg,Machine,Smcntrpmf,Not directly derivable from Sail,extensions/Smcntrpmf/smcntrpmf.sail:26
0x322,minstretcfg,Machine,Smcntrpmf,Not directly derivable from Sail,extensions/Smcntrpmf/smcntrpmf.sail:28
0x323,mhpmevent3,Machine,Zihpm,Not directly derivable from Sail,extensions/Zihpm/zihpm.sail:74
0x324,mhpmevent4,Machine,Zihpm,Not directly derivable from Sail,extensions/Zihpm/zihpm.sail:75
0x325,mhpmevent5,Machine,Zihpm,Not directly derivable from Sail,extensions/Zihpm/zihpm.sail:76
0x326,mhpmevent6,Machine,Zihpm,Not directly derivable from Sail,extensions/Zihpm/zihpm.sail:77
0x327,mhpmevent7,Machine,Zihpm,Not directly derivable from Sail,extensions/Zihpm/zihpm.sail:78
0x328,mhpmevent8,Machine,Zihpm,Not directly derivable from Sail,extensions/Zihpm/zihpm.sail:79
0x329,mhpmevent9,Machine,Zihpm,Not directly derivable from Sail,extensions/Zihpm/zihpm.sail:80
0x32A,mhpmevent10,Machine,Zihpm,Not directly derivable from Sail,extensions/Zihpm/zihpm.sail:81
0x32B,mhpmevent11,Machine,Zihpm,Not directly derivable from Sail,extensions/Zihpm/zihpm.sail:82
0x32C,mhpmevent12,Machine,Zihpm,Not directly derivable from Sail,extensions/Zihpm/zihpm.sail:83
0x32D,mhpmevent13,Machine,Zihpm,Not directly derivable from Sail,extensions/Zihpm/zihpm.sail:84
0x32E,mhpmevent14,Machine,Zihpm,Not directly derivable from Sail,extensions/Zihpm/zihpm.sail:85
0x32F,mhpmevent15,Machine,Zihpm,Not directly derivable from Sail,extensions/Zihpm/zihpm.sail:86
0x330,mhpmevent16,Machine,Zihpm,Not directly derivable from Sail,extensions/Zihpm/zihpm.sail:87
0x331,mhpmevent17,Machine,Zihpm,Not directly derivable from Sail,extensions/Zihpm/zihpm.sail:88
0x332,mhpmevent18,Machine,Zihpm,Not directly derivable from Sail,extensions/Zihpm/zihpm.sail:89
0x333,mhpmevent19,Machine,Zihpm,Not directly derivable from Sail,extensions/Zihpm/zihpm.sail:90
0x334,mhpmevent20,Machine,Zihpm,Not directly derivable from Sail,extensions/Zihpm/zihpm.sail:91
0x335,mhpmevent21,Machine,Zihpm,Not directly derivable from Sail,extensions/Zihpm/zihpm.sail:92
0x336,mhpmevent22,Machine,Zihpm,Not directly derivable from Sail,extensions/Zihpm/zihpm.sail:93
0x337,mhpmevent23,Machine,Zihpm,Not directly derivable from Sail,extensions/Zihpm/zihpm.sail:94
0x338,mhpmevent24,Machine,Zihpm,Not directly derivable from Sail,extensions/Zihpm/zihpm.sail:95
0x339,mhpmevent25,Machine,Zihpm,Not directly derivable from Sail,extensions/Zihpm/zihpm.sail:96
0x33A,mhpmevent26,Machine,Zihpm,Not directly derivable from Sail,extensions/Zihpm/zihpm.sail:97
0x33B,mhpmevent27,Machine,Zihpm,Not directly derivable from Sail,extensions/Zihpm/zihpm.sail:98
0x33C,mhpmevent28,Machine,Zihpm,Not directly derivable from Sail,extensions/Zihpm/zihpm.sail:99
0x33D,mhpmevent29,Machine,Zihpm,Not directly derivable from Sail,extensions/Zihpm/zihpm.sail:100
0x33E,mhpmevent30,Machine,Zihpm,Not directly derivable from Sail,extensions/Zihpm/zihpm.sail:101
0x33F,mhpmevent31,Machine,Zihpm,Not directly derivable from Sail,extensions/Zihpm/zihpm.sail:102
0x340,mscratch,Machine,core,Not directly derivable from Sail,core/sys_regs.sail:581
0x341,mepc,Machine,exceptions,Not directly derivable from Sail,exceptions/sys_exceptions.sail:111
0x342,mcause,Machine,core,Not directly derivable from Sail,core/sys_regs.sail:535
0x343,mtval,Machine,core,Not directly derivable from Sail,core/sys_regs.sail:580
0x344,mip,Machine,core,Not directly derivable from Sail,core/interrupt_regs.sail:118
0x3A0,pmpcfg0,Machine,pmp,Not directly derivable from Sail,pmp/pmp_regs.sail:170
0x3A1,pmpcfg1,Machine,pmp,Not directly derivable from Sail,pmp/pmp_regs.sail:171
0x3A2,pmpcfg2,Machine,pmp,Not directly derivable from Sail,pmp/pmp_regs.sail:172
0x3A3,pmpcfg3,Machine,pmp,Not directly derivable from Sail,pmp/pmp_regs.sail:173
0x3A4,pmpcfg4,Machine,pmp,Not directly derivable from Sail,pmp/pmp_regs.sail:174
0x3A5,pmpcfg5,Machine,pmp,Not directly derivable from Sail,pmp/pmp_regs.sail:175
0x3A6,pmpcfg6,Machine,pmp,Not directly derivable from Sail,pmp/pmp_regs.sail:176
0x3A7,pmpcfg7,Machine,pmp,Not directly derivable from Sail,pmp/pmp_regs.sail:177
0x3A8,pmpcfg8,Machine,pmp,Not directly derivable from Sail,pmp/pmp_regs.sail:178
0x3A9,pmpcfg9,Machine,pmp,Not directly derivable from Sail,pmp/pmp_regs.sail:179
0x3AA,pmpcfg10,Machine,pmp,Not directly derivable from Sail,pmp/pmp_regs.sail:180
0x3AB,pmpcfg11,Machine,pmp,Not directly derivable from Sail,pmp/pmp_regs.sail:181
0x3AC,pmpcfg12,Machine,pmp,Not directly derivable from Sail,pmp/pmp_regs.sail:182
0x3AD,pmpcfg13,Machine,pmp,Not directly derivable from Sail,pmp/pmp_regs.sail:183
0x3AE,pmpcfg14,Machine,pmp,Not directly derivable from Sail,pmp/pmp_regs.sail:184
0x3AF,pmpcfg15,Machine,pmp,Not directly derivable from Sail,pmp/pmp_regs.sail:185
0x3B0,pmpaddr0,Machine,pmp,Not directly derivable from Sail,pmp/pmp_regs.sail:187
0x3B1,pmpaddr1,Machine,pmp,Not directly derivable from Sail,pmp/pmp_regs.sail:188
0x3B2,pmpaddr2,Machine,pmp,Not directly derivable from Sail,pmp/pmp_regs.sail:189
0x3B3,pmpaddr3,Machine,pmp,Not directly derivable from Sail,pmp/pmp_regs.sail:190
0x3B4,pmpaddr4,Machine,pmp,Not directly derivable from Sail,pmp/pmp_regs.sail:191
0x3B5,pmpaddr5,Machine,pmp,Not directly derivable from Sail,pmp/pmp_regs.sail:192
0x3B6,pmpaddr6,Machine,pmp,Not directly derivable from Sail,pmp/pmp_regs.sail:193
0x3B7,pmpaddr7,Machine,pmp,Not directly derivable from Sail,pmp/pmp_regs.sail:194
0x3B8,pmpaddr8,Machine,pmp,Not directly derivable from Sail,pmp/pmp_regs.sail:195
0x3B9,pmpaddr9,Machine,pmp,Not directly derivable from Sail,pmp/pmp_regs.sail:196
0x3BA,pmpaddr10,Machine,pmp,Not directly derivable from Sail,pmp/pmp_regs.sail:197
0x3BB,pmpaddr11,Machine,pmp,Not directly derivable from Sail,pmp/pmp_regs.sail:198
0x3BC,pmpaddr12,Machine,pmp,Not directly derivable from Sail,pmp/pmp_regs.sail:199
0x3BD,pmpaddr13,Machine,pmp,Not directly derivable from Sail,pmp/pmp_regs.sail:200
0x3BE,pmpaddr14,Machine,pmp,Not directly derivable from Sail,pmp/pmp_regs.sail:201
0x3BF,pmpaddr15,Machine,pmp,Not directly derivable from Sail,pmp/pmp_regs.sail:202
0x3C0,pmpaddr16,Machine,pmp,Not directly derivable from Sail,pmp/pmp_regs.sail:203
0x3C1,pmpaddr17,Machine,pmp,Not directly derivable from Sail,pmp/pmp_regs.sail:204
0x3C2,pmpaddr18,Machine,pmp,Not directly derivable from Sail,pmp/pmp_regs.sail:205
0x3C3,pmpaddr19,Machine,pmp,Not directly derivable from Sail,pmp/pmp_regs.sail:206
0x3C4,pmpaddr20,Machine,pmp,Not directly derivable from Sail,pmp/pmp_regs.sail:207
0x3C5,pmpaddr21,Machine,pmp,Not directly derivable from Sail,pmp/pmp_regs.sail:208
0x3C6,pmpaddr22,Machine,pmp,Not directly derivable from Sail,pmp/pmp_regs.sail:209
0x3C7,pmpaddr23,Machine,pmp,Not directly derivable from Sail,pmp/pmp_regs.sail:210
0x3C8,pmpaddr24,Machine,pmp,Not directly derivable from Sail,pmp/pmp_regs.sail:211
0x3C9,pmpaddr25,Machine,pmp,Not directly derivable from Sail,pmp/pmp_regs.sail:212
0x3CA,pmpaddr26,Machine,pmp,Not directly derivable from Sail,pmp/pmp_regs.sail:213
0x3CB,pmpaddr27,Machine,pmp,Not directly derivable from Sail,pmp/pmp_regs.sail:214
0x3CC,pmpaddr28,Machine,pmp,Not directly derivable from Sail,pmp/pmp_regs.sail:215
0x3CD,pmpaddr29,Machine,pmp,Not directly derivable from Sail,pmp/pmp_regs.sail:216
0x3CE,pmpaddr30,Machine,pmp,Not directly derivable from Sail,pmp/pmp_regs.sail:217
0x3CF,pmpaddr31,Machine,pmp,Not directly derivable from Sail,pmp/pmp_regs.sail:218
0x3D0,pmpaddr32,Machine,pmp,Not directly derivable from Sail,pmp/pmp_regs.sail:219
0x3D1,pmpaddr33,Machine,pmp,Not directly derivable from Sail,pmp/pmp_regs.sail:220
0x3D2,pmpaddr34,Machine,pmp,Not directly derivable from Sail,pmp/pmp_regs.sail:221
0x3D3,pmpaddr35,Machine,pmp,Not directly derivable from Sail,pmp/pmp_regs.sail:222
0x3D4,pmpaddr36,Machine,pmp,Not directly derivable from Sail,pmp/pmp_regs.sail:223
0x3D5,pmpaddr37,Machine,pmp,Not directly derivable from Sail,pmp/pmp_regs.sail:224
0x3D6,pmpaddr38,Machine,pmp,Not directly derivable from Sail,pmp/pmp_regs.sail:225
0x3D7,pmpaddr39,Machine,pmp,Not directly derivable from Sail,pmp/pmp_regs.sail:226
0x3D8,pmpaddr40,Machine,pmp,Not directly derivable from Sail,pmp/pmp_regs.sail:227
0x3D9,pmpaddr41,Machine,pmp,Not directly derivable from Sail,pmp/pmp_regs.sail:228
0x3DA,pmpaddr42,Machine,pmp,Not directly derivable from Sail,pmp/pmp_regs.sail:229
0x3DB,pmpaddr43,Machine,pmp,Not directly derivable from Sail,pmp/pmp_regs.sail:230
0x3DC,pmpaddr44,Machine,pmp,Not directly derivable from Sail,pmp/pmp_regs.sail:231
0x3DD,pmpaddr45,Machine,pmp,Not directly derivable from Sail,pmp/pmp_regs.sail:232
0x3DE,pmpaddr46,Machine,pmp,Not directly derivable from Sail,pmp/pmp_regs.sail:233
0x3DF,pmpaddr47,Machine,pmp,Not directly derivable from Sail,pmp/pmp_regs.sail:234
0x3E0,pmpaddr48,Machine,pmp,Not directly derivable from Sail,pmp/pmp_regs.sail:235
0x3E1,pmpaddr49,Machine,pmp,Not directly derivable from Sail,pmp/pmp_regs.sail:236
0x3E2,pmpaddr50,Machine,pmp,Not directly derivable from Sail,pmp/pmp_regs.sail:237
0x3E3,pmpaddr51,Machine,pmp,Not directly derivable from Sail,pmp/pmp_regs.sail:238
0x3E4,pmpaddr52,Machine,pmp,Not directly derivable from Sail,pmp/pmp_regs.sail:239
0x3E5,pmpaddr53,Machine,pmp,Not directly derivable from Sail,pmp/pmp_regs.sail:240
0x3E6,pmpaddr54,Machine,pmp,Not directly derivable from Sail,pmp/pmp_regs.sail:241
0x3E7,pmpaddr55,Machine,pmp,Not directly derivable from Sail,pmp/pmp_regs.sail:242
0x3E8,pmpaddr56,Machine,pmp,Not directly derivable from Sail,pmp/pmp_regs.sail:243
0x3E9,pmpaddr57,Machine,pmp,Not directly derivable from Sail,pmp/pmp_regs.sail:244
0x3EA,pmpaddr58,Machine,pmp,Not directly derivable from Sail,pmp/pmp_regs.sail:245
0x3EB,pmpaddr59,Machine,pmp,Not directly derivable from Sail,pmp/pmp_regs.sail:246
0x3EC,pmpaddr60,Machine,pmp,Not directly derivable from Sail,pmp/pmp_regs.sail:247
0x3ED,pmpaddr61,Machine,pmp,Not directly derivable from Sail,pmp/pmp_regs.sail:248
0x3EE,pmpaddr62,Machine,pmp,Not directly derivable from Sail,pmp/pmp_regs.sail:249
0x3EF,pmpaddr63,Machine,pmp,Not directly derivable from Sail,pmp/pmp_regs.sail:250
0x60C,hstateen0,Hypervisor/VS,Stateen,Not directly derivable from Sail,extensions/Stateen/stateen_csrs.sail:49
0x60D,hstateen1,Hypervisor/VS,Stateen,Not directly derivable from Sail,extensions/Stateen/stateen_csrs.sail:50
0x60E,hstateen2,Hypervisor/VS,Stateen,Not directly derivable from Sail,extensions/Stateen/stateen_csrs.sail:51
0x60F,hstateen3,Hypervisor/VS,Stateen,Not directly derivable from Sail,extensions/Stateen/stateen_csrs.sail:52
0x61C,hstateen0h,Hypervisor/VS,Stateen,Not directly derivable from Sail,extensions/Stateen/stateen_csrs.sail:53
0x61D,hstateen1h,Hypervisor/VS,Stateen,Not directly derivable from Sail,extensions/Stateen/stateen_csrs.sail:54
0x61E,hstateen2h,Hypervisor/VS,Stateen,Not directly derivable from Sail,extensions/Stateen/stateen_csrs.sail:55
0x61F,hstateen3h,Hypervisor/VS,Stateen,Not directly derivable from Sail,extensions/Stateen/stateen_csrs.sail:56
0x721,mcyclecfgh,Machine,Smcntrpmf,Not directly derivable from Sail,extensions/Smcntrpmf/smcntrpmf.sail:27
0x722,minstretcfgh,Machine,Smcntrpmf,Not directly derivable from Sail,extensions/Smcntrpmf/smcntrpmf.sail:29
0x723,mhpmevent3h,Machine,Sscofpmf,Not directly derivable from Sail,extensions/Sscofpmf/sscofpmf.sail:12
0x724,mhpmevent4h,Machine,Sscofpmf,Not directly derivable from Sail,extensions/Sscofpmf/sscofpmf.sail:13
0x725,mhpmevent5h,Machine,Sscofpmf,Not directly derivable from Sail,extensions/Sscofpmf/sscofpmf.sail:14
0x726,mhpmevent6h,Machine,Sscofpmf,Not directly derivable from Sail,extensions/Sscofpmf/sscofpmf.sail:15
0x727,mhpmevent7h,Machine,Sscofpmf,Not directly derivable from Sail,extensions/Sscofpmf/sscofpmf.sail:16
0x728,mhpmevent8h,Machine,Sscofpmf,Not directly derivable from Sail,extensions/Sscofpmf/sscofpmf.sail:17
0x729,mhpmevent9h,Machine,Sscofpmf,Not directly derivable from Sail,extensions/Sscofpmf/sscofpmf.sail:18
0x72A,mhpmevent10h,Machine,Sscofpmf,Not directly derivable from Sail,extensions/Sscofpmf/sscofpmf.sail:19
0x72B,mhpmevent11h,Machine,Sscofpmf,Not directly derivable from Sail,extensions/Sscofpmf/sscofpmf.sail:20
0x72C,mhpmevent12h,Machine,Sscofpmf,Not directly derivable from Sail,extensions/Sscofpmf/sscofpmf.sail:21
0x72D,mhpmevent13h,Machine,Sscofpmf,Not directly derivable from Sail,extensions/Sscofpmf/sscofpmf.sail:22
0x72E,mhpmevent14h,Machine,Sscofpmf,Not directly derivable from Sail,extensions/Sscofpmf/sscofpmf.sail:23
0x72F,mhpmevent15h,Machine,Sscofpmf,Not directly derivable from Sail,extensions/Sscofpmf/sscofpmf.sail:24
0x730,mhpmevent16h,Machine,Sscofpmf,Not directly derivable from Sail,extensions/Sscofpmf/sscofpmf.sail:25
0x731,mhpmevent17h,Machine,Sscofpmf,Not directly derivable from Sail,extensions/Sscofpmf/sscofpmf.sail:26
0x732,mhpmevent18h,Machine,Sscofpmf,Not directly derivable from Sail,extensions/Sscofpmf/sscofpmf.sail:27
0x733,mhpmevent19h,Machine,Sscofpmf,Not directly derivable from Sail,extensions/Sscofpmf/sscofpmf.sail:28
0x734,mhpmevent20h,Machine,Sscofpmf,Not directly derivable from Sail,extensions/Sscofpmf/sscofpmf.sail:29
0x735,mhpmevent21h,Machine,Sscofpmf,Not directly derivable from Sail,extensions/Sscofpmf/sscofpmf.sail:30
0x736,mhpmevent22h,Machine,Sscofpmf,Not directly derivable from Sail,extensions/Sscofpmf/sscofpmf.sail:31
0x737,mhpmevent23h,Machine,Sscofpmf,Not directly derivable from Sail,extensions/Sscofpmf/sscofpmf.sail:32
0x738,mhpmevent24h,Machine,Sscofpmf,Not directly derivable from Sail,extensions/Sscofpmf/sscofpmf.sail:33
0x739,mhpmevent25h,Machine,Sscofpmf,Not directly derivable from Sail,extensions/Sscofpmf/sscofpmf.sail:34
0x73A,mhpmevent26h,Machine,Sscofpmf,Not directly derivable from Sail,extensions/Sscofpmf/sscofpmf.sail:35
0x73B,mhpmevent27h,Machine,Sscofpmf,Not directly derivable from Sail,extensions/Sscofpmf/sscofpmf.sail:36
0x73C,mhpmevent28h,Machine,Sscofpmf,Not directly derivable from Sail,extensions/Sscofpmf/sscofpmf.sail:37
0x73D,mhpmevent29h,Machine,Sscofpmf,Not directly derivable from Sail,extensions/Sscofpmf/sscofpmf.sail:38
0x73E,mhpmevent30h,Machine,Sscofpmf,Not directly derivable from Sail,extensions/Sscofpmf/sscofpmf.sail:39
0x73F,mhpmevent31h,Machine,Sscofpmf,Not directly derivable from Sail,extensions/Sscofpmf/sscofpmf.sail:40
0x747,mseccfg,Machine,core,Not directly derivable from Sail,core/sys_regs.sail:334
0x757,mseccfgh,Machine,core,Not directly derivable from Sail,core/sys_regs.sail:335
0x7a0,tselect,Machine,core,Not directly derivable from Sail,core/sys_regs.sail:838
0x7a1,tdata1,Machine,core,Not directly derivable from Sail,core/sys_regs.sail:839
0x7a2,tdata2,Machine,core,Not directly derivable from Sail,core/sys_regs.sail:840
0x7a3,tdata3,Machine,core,Not directly derivable from Sail,core/sys_regs.sail:841
0xB00,mcycle,Machine,Zicntr,Not directly derivable from Sail,extensions/Zicntr/zicntr_control.sail:34
0xB02,minstret,Machine,Zicntr,Not directly derivable from Sail,extensions/Zicntr/zicntr_control.sail:35
0xB03,mhpmcounter3,Machine,Zihpm,Not directly derivable from Sail,extensions/Zihpm/zihpm.sail:105
0xB04,mhpmcounter4,Machine,Zihpm,Not directly derivable from Sail,extensions/Zihpm/zihpm.sail:106
0xB05,mhpmcounter5,Machine,Zihpm,Not directly derivable from Sail,extensions/Zihpm/zihpm.sail:107
0xB06,mhpmcounter6,Machine,Zihpm,Not directly derivable from Sail,extensions/Zihpm/zihpm.sail:108
0xB07,mhpmcounter7,Machine,Zihpm,Not directly derivable from Sail,extensions/Zihpm/zihpm.sail:109
0xB08,mhpmcounter8,Machine,Zihpm,Not directly derivable from Sail,extensions/Zihpm/zihpm.sail:110
0xB09,mhpmcounter9,Machine,Zihpm,Not directly derivable from Sail,extensions/Zihpm/zihpm.sail:111
0xB0A,mhpmcounter10,Machine,Zihpm,Not directly derivable from Sail,extensions/Zihpm/zihpm.sail:112
0xB0B,mhpmcounter11,Machine,Zihpm,Not directly derivable from Sail,extensions/Zihpm/zihpm.sail:113
0xB0C,mhpmcounter12,Machine,Zihpm,Not directly derivable from Sail,extensions/Zihpm/zihpm.sail:114
0xB0D,mhpmcounter13,Machine,Zihpm,Not directly derivable from Sail,extensions/Zihpm/zihpm.sail:115
0xB0E,mhpmcounter14,Machine,Zihpm,Not directly derivable from Sail,extensions/Zihpm/zihpm.sail:116
0xB0F,mhpmcounter15,Machine,Zihpm,Not directly derivable from Sail,extensions/Zihpm/zihpm.sail:117
0xB10,mhpmcounter16,Machine,Zihpm,Not directly derivable from Sail,extensions/Zihpm/zihpm.sail:118
0xB11,mhpmcounter17,Machine,Zihpm,Not directly derivable from Sail,extensions/Zihpm/zihpm.sail:119
0xB12,mhpmcounter18,Machine,Zihpm,Not directly derivable from Sail,extensions/Zihpm/zihpm.sail:120
0xB13,mhpmcounter19,Machine,Zihpm,Not directly derivable from Sail,extensions/Zihpm/zihpm.sail:121
0xB14,mhpmcounter20,Machine,Zihpm,Not directly derivable from Sail,extensions/Zihpm/zihpm.sail:122
0xB15,mhpmcounter21,Machine,Zihpm,Not directly derivable from Sail,extensions/Zihpm/zihpm.sail:123
0xB16,mhpmcounter22,Machine,Zihpm,Not directly derivable from Sail,extensions/Zihpm/zihpm.sail:124
0xB17,mhpmcounter23,Machine,Zihpm,Not directly derivable from Sail,extensions/Zihpm/zihpm.sail:125
0xB18,mhpmcounter24,Machine,Zihpm,Not directly derivable from Sail,extensions/Zihpm/zihpm.sail:126
0xB19,mhpmcounter25,Machine,Zihpm,Not directly derivable from Sail,extensions/Zihpm/zihpm.sail:127
0xB1A,mhpmcounter26,Machine,Zihpm,Not directly derivable from Sail,extensions/Zihpm/zihpm.sail:128
0xB1B,mhpmcounter27,Machine,Zihpm,Not directly derivable from Sail,extensions/Zihpm/zihpm.sail:129
0xB1C,mhpmcounter28,Machine,Zihpm,Not directly derivable from Sail,extensions/Zihpm/zihpm.sail:130
0xB1D,mhpmcounter29,Machine,Zihpm,Not directly derivable from Sail,extensions/Zihpm/zihpm.sail:131
0xB1E,mhpmcounter30,Machine,Zihpm,Not directly derivable from Sail,extensions/Zihpm/zihpm.sail:132
0xB1F,mhpmcounter31,Machine,Zihpm,Not directly derivable from Sail,extensions/Zihpm/zihpm.sail:133
0xB80,mcycleh,Machine,Zicntr,Not directly derivable from Sail,extensions/Zicntr/zicntr_control.sail:36
0xB82,minstreth,Machine,Zicntr,Not directly derivable from Sail,extensions/Zicntr/zicntr_control.sail:37
0xB83,mhpmcounter3h,Machine,Zihpm,Not directly derivable from Sail,extensions/Zihpm/zihpm.sail:135
0xB84,mhpmcounter4h,Machine,Zihpm,Not directly derivable from Sail,extensions/Zihpm/zihpm.sail:136
0xB85,mhpmcounter5h,Machine,Zihpm,Not directly derivable from Sail,extensions/Zihpm/zihpm.sail:137
0xB86,mhpmcounter6h,Machine,Zihpm,Not directly derivable from Sail,extensions/Zihpm/zihpm.sail:138
0xB87,mhpmcounter7h,Machine,Zihpm,Not directly derivable from Sail,extensions/Zihpm/zihpm.sail:139
0xB88,mhpmcounter8h,Machine,Zihpm,Not directly derivable from Sail,extensions/Zihpm/zihpm.sail:140
0xB89,mhpmcounter9h,Machine,Zihpm,Not directly derivable from Sail,extensions/Zihpm/zihpm.sail:141
0xB8A,mhpmcounter10h,Machine,Zihpm,Not directly derivable from Sail,extensions/Zihpm/zihpm.sail:142
0xB8B,mhpmcounter11h,Machine,Zihpm,Not directly derivable from Sail,extensions/Zihpm/zihpm.sail:143
0xB8C,mhpmcounter12h,Machine,Zihpm,Not directly derivable from Sail,extensions/Zihpm/zihpm.sail:144
0xB8D,mhpmcounter13h,Machine,Zihpm,Not directly derivable from Sail,extensions/Zihpm/zihpm.sail:145
0xB8E,mhpmcounter14h,Machine,Zihpm,Not directly derivable from Sail,extensions/Zihpm/zihpm.sail:146
0xB8F,mhpmcounter15h,Machine,Zihpm,Not directly derivable from Sail,extensions/Zihpm/zihpm.sail:147
0xB90,mhpmcounter16h,Machine,Zihpm,Not directly derivable from Sail,extensions/Zihpm/zihpm.sail:148
0xB91,mhpmcounter17h,Machine,Zihpm,Not directly derivable from Sail,extensions/Zihpm/zihpm.sail:149
0xB92,mhpmcounter18h,Machine,Zihpm,Not directly derivable from Sail,extensions/Zihpm/zihpm.sail:150
0xB93,mhpmcounter19h,Machine,Zihpm,Not directly derivable from Sail,extensions/Zihpm/zihpm.sail:151
0xB94,mhpmcounter20h,Machine,Zihpm,Not directly derivable from Sail,extensions/Zihpm/zihpm.sail:152
0xB95,mhpmcounter21h,Machine,Zihpm,Not directly derivable from Sail,extensions/Zihpm/zihpm.sail:153
0xB96,mhpmcounter22h,Machine,Zihpm,Not directly derivable from Sail,extensions/Zihpm/zihpm.sail:154
0xB97,mhpmcounter23h,Machine,Zihpm,Not directly derivable from Sail,extensions/Zihpm/zihpm.sail:155
0xB98,mhpmcounter24h,Machine,Zihpm,Not directly derivable from Sail,extensions/Zihpm/zihpm.sail:156
0xB99,mhpmcounter25h,Machine,Zihpm,Not directly derivable from Sail,extensions/Zihpm/zihpm.sail:157
0xB9A,mhpmcounter26h,Machine,Zihpm,Not directly derivable from Sail,extensions/Zihpm/zihpm.sail:158
0xB9B,mhpmcounter27h,Machine,Zihpm,Not directly derivable from Sail,extensions/Zihpm/zihpm.sail:159
0xB9C,mhpmcounter28h,Machine,Zihpm,Not directly derivable from Sail,extensions/Zihpm/zihpm.sail:160
0xB9D,mhpmcounter29h,Machine,Zihpm,Not directly derivable from Sail,extensions/Zihpm/zihpm.sail:161
0xB9E,mhpmcounter30h,Machine,Zihpm,Not directly derivable from Sail,extensions/Zihpm/zihpm.sail:162
0xB9F,mhpmcounter31h,Machine,Zihpm,Not directly derivable from Sail,extensions/Zihpm/zihpm.sail:163
0xC00,cycle,User,Zicntr,Not directly derivable from Sail,extensions/Zicntr/zicntr_control.sail:11
0xC01,time,User,Zicntr,Not directly derivable from Sail,extensions/Zicntr/zicntr_control.sail:12
0xC02,instret,User,Zicntr,Not directly derivable from Sail,extensions/Zicntr/zicntr_control.sail:13
0xC03,hpmcounter3,User,Zihpm,Not directly derivable from Sail,extensions/Zihpm/zihpm.sail:13
0xC04,hpmcounter4,User,Zihpm,Not directly derivable from Sail,extensions/Zihpm/zihpm.sail:14
0xC05,hpmcounter5,User,Zihpm,Not directly derivable from Sail,extensions/Zihpm/zihpm.sail:15
0xC06,hpmcounter6,User,Zihpm,Not directly derivable from Sail,extensions/Zihpm/zihpm.sail:16
0xC07,hpmcounter7,User,Zihpm,Not directly derivable from Sail,extensions/Zihpm/zihpm.sail:17
0xC08,hpmcounter8,User,Zihpm,Not directly derivable from Sail,extensions/Zihpm/zihpm.sail:18
0xC09,hpmcounter9,User,Zihpm,Not directly derivable from Sail,extensions/Zihpm/zihpm.sail:19
0xC0A,hpmcounter10,User,Zihpm,Not directly derivable from Sail,extensions/Zihpm/zihpm.sail:20
0xC0B,hpmcounter11,User,Zihpm,Not directly derivable from Sail,extensions/Zihpm/zihpm.sail:21
0xC0C,hpmcounter12,User,Zihpm,Not directly derivable from Sail,extensions/Zihpm/zihpm.sail:22
0xC0D,hpmcounter13,User,Zihpm,Not directly derivable from Sail,extensions/Zihpm/zihpm.sail:23
0xC0E,hpmcounter14,User,Zihpm,Not directly derivable from Sail,extensions/Zihpm/zihpm.sail:24
0xC0F,hpmcounter15,User,Zihpm,Not directly derivable from Sail,extensions/Zihpm/zihpm.sail:25
0xC10,hpmcounter16,User,Zihpm,Not directly derivable from Sail,extensions/Zihpm/zihpm.sail:26
0xC11,hpmcounter17,User,Zihpm,Not directly derivable from Sail,extensions/Zihpm/zihpm.sail:27
0xC12,hpmcounter18,User,Zihpm,Not directly derivable from Sail,extensions/Zihpm/zihpm.sail:28
0xC13,hpmcounter19,User,Zihpm,Not directly derivable from Sail,extensions/Zihpm/zihpm.sail:29
0xC14,hpmcounter20,User,Zihpm,Not directly derivable from Sail,extensions/Zihpm/zihpm.sail:30
0xC15,hpmcounter21,User,Zihpm,Not directly derivable from Sail,extensions/Zihpm/zihpm.sail:31
0xC16,hpmcounter22,User,Zihpm,Not directly derivable from Sail,extensions/Zihpm/zihpm.sail:32
0xC17,hpmcounter23,User,Zihpm,Not directly derivable from Sail,extensions/Zihpm/zihpm.sail:33
0xC18,hpmcounter24,User,Zihpm,Not directly derivable from Sail,extensions/Zihpm/zihpm.sail:34
0xC19,hpmcounter25,User,Zihpm,Not directly derivable from Sail,extensions/Zihpm/zihpm.sail:35
0xC1A,hpmcounter26,User,Zihpm,Not directly derivable from Sail,extensions/Zihpm/zihpm.sail:36
0xC1B,hpmcounter27,User,Zihpm,Not directly derivable from Sail,extensions/Zihpm/zihpm.sail:37
0xC1C,hpmcounter28,User,Zihpm,Not directly derivable from Sail,extensions/Zihpm/zihpm.sail:38
0xC1D,hpmcounter29,User,Zihpm,Not directly derivable from Sail,extensions/Zihpm/zihpm.sail:39
0xC1E,hpmcounter30,User,Zihpm,Not directly derivable from Sail,extensions/Zihpm/zihpm.sail:40
0xC1F,hpmcounter31,User,Zihpm,Not directly derivable from Sail,extensions/Zihpm/zihpm.sail:41
0xC20,vl,User,V,Not directly derivable from Sail,extensions/V/vext_regs.sail:306
0xC21,vtype,User,V,Not directly derivable from Sail,extensions/V/vext_regs.sail:307
0xC22,vlenb,User,V,Not directly derivable from Sail,extensions/V/vext_regs.sail:308
0xC80,cycleh,User,Zicntr,Not directly derivable from Sail,extensions/Zicntr/zicntr_control.sail:14
0xC81,timeh,User,Zicntr,Not directly derivable from Sail,extensions/Zicntr/zicntr_control.sail:15
0xC82,instreth,User,Zicntr,Not directly derivable from Sail,extensions/Zicntr/zicntr_control.sail:16
0xC83,hpmcounter3h,User,Zihpm,Not directly derivable from Sail,extensions/Zihpm/zihpm.sail:43
0xC84,hpmcounter4h,User,Zihpm,Not directly derivable from Sail,extensions/Zihpm/zihpm.sail:44
0xC85,hpmcounter5h,User,Zihpm,Not directly derivable from Sail,extensions/Zihpm/zihpm.sail:45
0xC86,hpmcounter6h,User,Zihpm,Not directly derivable from Sail,extensions/Zihpm/zihpm.sail:46
0xC87,hpmcounter7h,User,Zihpm,Not directly derivable from Sail,extensions/Zihpm/zihpm.sail:47
0xC88,hpmcounter8h,User,Zihpm,Not directly derivable from Sail,extensions/Zihpm/zihpm.sail:48
0xC89,hpmcounter9h,User,Zihpm,Not directly derivable from Sail,extensions/Zihpm/zihpm.sail:49
0xC8A,hpmcounter10h,User,Zihpm,Not directly derivable from Sail,extensions/Zihpm/zihpm.sail:50
0xC8B,hpmcounter11h,User,Zihpm,Not directly derivable from Sail,extensions/Zihpm/zihpm.sail:51
0xC8C,hpmcounter12h,User,Zihpm,Not directly derivable from Sail,extensions/Zihpm/zihpm.sail:52
0xC8D,hpmcounter13h,User,Zihpm,Not directly derivable from Sail,extensions/Zihpm/zihpm.sail:53
0xC8E,hpmcounter14h,User,Zihpm,Not directly derivable from Sail,extensions/Zihpm/zihpm.sail:54
0xC8F,hpmcounter15h,User,Zihpm,Not directly derivable from Sail,extensions/Zihpm/zihpm.sail:55
0xC90,hpmcounter16h,User,Zihpm,Not directly derivable from Sail,extensions/Zihpm/zihpm.sail:56
0xC91,hpmcounter17h,User,Zihpm,Not directly derivable from Sail,extensions/Zihpm/zihpm.sail:57
0xC92,hpmcounter18h,User,Zihpm,Not directly derivable from Sail,extensions/Zihpm/zihpm.sail:58
0xC93,hpmcounter19h,User,Zihpm,Not directly derivable from Sail,extensions/Zihpm/zihpm.sail:59
0xC94,hpmcounter20h,User,Zihpm,Not directly derivable from Sail,extensions/Zihpm/zihpm.sail:60
0xC95,hpmcounter21h,User,Zihpm,Not directly derivable from Sail,extensions/Zihpm/zihpm.sail:61
0xC96,hpmcounter22h,User,Zihpm,Not directly derivable from Sail,extensions/Zihpm/zihpm.sail:62
0xC97,hpmcounter23h,User,Zihpm,Not directly derivable from Sail,extensions/Zihpm/zihpm.sail:63
0xC98,hpmcounter24h,User,Zihpm,Not directly derivable from Sail,extensions/Zihpm/zihpm.sail:64
0xC99,hpmcounter25h,User,Zihpm,Not directly derivable from Sail,extensions/Zihpm/zihpm.sail:65
0xC9A,hpmcounter26h,User,Zihpm,Not directly derivable from Sail,extensions/Zihpm/zihpm.sail:66
0xC9B,hpmcounter27h,User,Zihpm,Not directly derivable from Sail,extensions/Zihpm/zihpm.sail:67
0xC9C,hpmcounter28h,User,Zihpm,Not directly derivable from Sail,extensions/Zihpm/zihpm.sail:68
0xC9D,hpmcounter29h,User,Zihpm,Not directly derivable from Sail,extensions/Zihpm/zihpm.sail:69
0xC9E,hpmcounter30h,User,Zihpm,Not directly derivable from Sail,extensions/Zihpm/zihpm.sail:70
0xC9F,hpmcounter31h,User,Zihpm,Not directly derivable from Sail,extensions/Zihpm/zihpm.sail:71
0xDA0,scountovf,Supervisor,Sscofpmf,Not directly derivable from Sail,extensions/Sscofpmf/sscofpmf.sail:42
0xF11,mvendorid,Machine,core,Not directly derivable from Sail,core/sys_regs.sail:676
0xF12,marchid,Machine,core,Not directly derivable from Sail,core/sys_regs.sail:677
0xF13,mimpid,Machine,core,Not directly derivable from Sail,core/sys_regs.sail:678
0xF14,mhartid,Machine,core,Not directly derivable from Sail,core/sys_regs.sail:679
0xF15,mconfigptr,Machine,core,Not directly derivable from Sail,core/sys_regs.sail:680
